<?xml version="1.0"?>
<Runs Version="1" Minor="0">
	<Run Id="red_pitaya_bd_processing_system7_0_0_synth_1" LaunchDir="C:/Users/Kanaga/redpitaya_guide/projects/RedPitaya_PController/RedPitaya_PController.runs/red_pitaya_bd_processing_system7_0_0_synth_1" FlowId="Vivado_Synthesis" FromStepId="vivado" ToStepId="vivado"/>
	<Run Id="red_pitaya_bd_xbar_0_synth_1" LaunchDir="C:/Users/Kanaga/redpitaya_guide/projects/RedPitaya_PController/RedPitaya_PController.runs/red_pitaya_bd_xbar_0_synth_1" FlowId="Vivado_Synthesis" FromStepId="vivado" ToStepId="vivado"/>
	<Run Id="red_pitaya_bd_axi_gpio_0_3_synth_1" LaunchDir="C:/Users/Kanaga/redpitaya_guide/projects/RedPitaya_PController/RedPitaya_PController.runs/red_pitaya_bd_axi_gpio_0_3_synth_1" FlowId="Vivado_Synthesis" FromStepId="vivado" ToStepId="vivado"/>
	<Run Id="red_pitaya_bd_proc_sys_reset_0_0_synth_1" LaunchDir="C:/Users/Kanaga/redpitaya_guide/projects/RedPitaya_PController/RedPitaya_PController.runs/red_pitaya_bd_proc_sys_reset_0_0_synth_1" FlowId="Vivado_Synthesis" FromStepId="vivado" ToStepId="vivado"/>
	<Run Id="red_pitaya_bd_auto_pc_0_synth_1" LaunchDir="C:/Users/Kanaga/redpitaya_guide/projects/RedPitaya_PController/RedPitaya_PController.runs/red_pitaya_bd_auto_pc_0_synth_1" FlowId="Vivado_Synthesis" FromStepId="vivado" ToStepId="vivado"/>
	<Run Id="red_pitaya_bd_auto_pc_1_synth_1" LaunchDir="C:/Users/Kanaga/redpitaya_guide/projects/RedPitaya_PController/RedPitaya_PController.runs/red_pitaya_bd_auto_pc_1_synth_1" FlowId="Vivado_Synthesis" FromStepId="vivado" ToStepId="vivado"/>
	<Run Id="synth_1" LaunchDir="C:/Users/Kanaga/redpitaya_guide/projects/RedPitaya_PController/RedPitaya_PController.runs/synth_1" FlowId="Vivado_Synthesis" FromStepId="vivado" ToStepId="vivado">
		<Parent Id="red_pitaya_bd_processing_system7_0_0_synth_1"/>
		<Parent Id="red_pitaya_bd_xbar_0_synth_1"/>
		<Parent Id="red_pitaya_bd_axi_gpio_0_3_synth_1"/>
		<Parent Id="red_pitaya_bd_proc_sys_reset_0_0_synth_1"/>
		<Parent Id="red_pitaya_bd_auto_pc_0_synth_1"/>
		<Parent Id="red_pitaya_bd_auto_pc_1_synth_1"/>
	</Run>
	<Parameters>
		<Parameter Name="runs.monitorLSFJobs" Val="true" Type="bool"/>
		<Parameter Name="runs.enableClusterConf" Val="true" Type="bool"/>
	</Parameters>
</Runs>

